<?xml version="1.0" encoding="UTF-8"?>
<!DOCTYPE mapper PUBLIC "-//mybatis.org//DTD Mapper 3.0//EN" "http://mybatis.org/dtd/mybatis-3-mapper.dtd">

<mapper namespace="com.suke.czx.modules.user.dao.MonthclassDao">

	<!-- 可根据自己的需求，是否要使用 -->
    <resultMap type="com.suke.czx.modules.user.entity.MonthclassEntity" id="monthclassMap">
        <result property="monthclassid" column="monthclassid"/>
        <result property="termid" column="termid"/>
        <result property="classid" column="classid"/>
        <result property="createtime" column="createTime"/>
        <result property="updatetime" column="updateTime"/>
        <result property="iseff" column="iseff"/>
    </resultMap>

	<select id="queryObject" resultType="com.suke.czx.modules.user.entity.MonthclassEntity">
		select * from t_monthclass where monthclassid = #{value}
	</select>

	<select id="queryList" resultType="com.suke.czx.modules.user.entity.MonthclassEntity">
		select * from t_monthclass
        <choose>
            <when test="sidx != null and sidx.trim() != ''">
                order by ${sidx} ${order}
            </when>
			<otherwise>
                order by monthclassid desc
			</otherwise>
        </choose>
		<if test="offset != null and limit != null">
			limit #{offset}, #{limit}
		</if>
	</select>
	
 	<select id="queryTotal" resultType="int">
		select count(*) from t_monthclass 
	</select>
	 
	<insert id="save" parameterType="com.suke.czx.modules.user.entity.MonthclassEntity" useGeneratedKeys="true" keyProperty="monthclassid">
		insert into t_monthclass
		(
			`termid`, 
			`classid`, 
			`createTime`, 
			`updateTime`, 
			`iseff`
		)
		values
		(
			#{termid}, 
			#{classid}, 
			#{createtime}, 
			#{updatetime}, 
			#{iseff}
		)
	</insert>
	 
	<update id="update" parameterType="com.suke.czx.modules.user.entity.MonthclassEntity">
		update t_monthclass 
		<set>
			<if test="termid != null">`termid` = #{termid}, </if>
			<if test="classid != null">`classid` = #{classid}, </if>
			<if test="createtime != null">`createTime` = #{createtime}, </if>
			<if test="updatetime != null">`updateTime` = #{updatetime}, </if>
			<if test="iseff != null">`iseff` = #{iseff}</if>
		</set>
		where monthclassid = #{monthclassid}
	</update>
	
	<delete id="delete">
		delete from t_monthclass where monthclassid = #{value}
	</delete>
	
	<delete id="deleteBatch">
		delete from t_monthclass where monthclassid in 
		<foreach item="monthclassid" collection="array" open="(" separator="," close=")">
			#{monthclassid}
		</foreach>
	</delete>

</mapper>